{"switch_norm": true, "n_syn": 1, "stdp_type": 1, "max_dendritic_delay": 0, "sigma_noise": 0, "v_thres_exci": -52, "v_reversal_e_exci": 0, "v_reversal_i_exci": -100, "v_rest_exci": -65, "v_reset_exci": -65, "refrac_time_exci": 5, "w_sat_scale": 0.447, "w_sat_shift": 0.7000000000000001, "vt_sat_scale": 0.248, "vt_sat_shift": 0.30000000000000004, "tau_adpt0": 100000000.0, "delta_vt0": 0.0045000000000000005, "tau_membrane_exci0": 160.0, "tau_ge0": 1.0, "tau_gi0": 5.0, "max_delay_input2e0": 200.0, "dW_e2e0": 20.27, "nu_pre_ee": 0.00055, "nu_post_ee": 0.01, "tc_pre_ee": 20, "tc_post_1_ee": 20, "tc_post_2_ee": 40, "gmax_input2e0": 57.7, "norm_scale_S_input2e0": 0.23700000000000002, "penalty_input2e0": 1, "tau_adpt1": 1000000.0, "delta_vt1": 0.0019, "tau_membrane_exci1": 200.0, "tau_ge1": 0.7000000000000001, "tau_gi1": 1.0, "max_delay_input2e1": 60.0, "dW_e2e1": 4.23, "gmax_input2e1": 87.0, "norm_scale_S_input2e1": 0.095, "penalty_input2e1": 1, "gmax_efe0": 27.0, "norm_scale_S_efe0": 0.068, "max_delay_efe0": 180.0, "penalty_efe0": 1}