{"switch_norm": true, "n_syn": 1, "stdp_type": 1, "max_dendritic_delay": 0, "sigma_noise": 0, "v_thres_exci": -52, "v_reversal_e_exci": 0, "v_reversal_i_exci": -100, "v_rest_exci": -65, "v_reset_exci": -65, "refrac_time_exci": 5, "w_sat_scale": 0.28200000000000003, "w_sat_shift": 0.30000000000000004, "vt_sat_scale": 0.193, "vt_sat_shift": 0.1, "tau_adpt0": 100.0, "delta_vt0": 0.0019, "tau_membrane_exci0": 200.0, "tau_ge0": 1.2000000000000002, "tau_gi0": 3.0, "max_delay_input2e0": 140.0, "dW_e2e0": 1.69, "nu_pre_ee": 0.0008100000000000001, "nu_post_ee": 0.01, "tc_pre_ee": 20, "tc_post_1_ee": 20, "tc_post_2_ee": 40, "gmax_input2e0": 23.900000000000002, "norm_scale_S_input2e0": 0.28700000000000003, "penalty_input2e0": 1, "tau_adpt1": 1000000.0, "delta_vt1": 0.0012000000000000001, "tau_membrane_exci1": 160.0, "tau_ge1": 1.7000000000000002, "tau_gi1": 1.0, "max_delay_input2e1": 30.0, "dW_e2e1": 3.49, "gmax_input2e1": 26.400000000000002, "norm_scale_S_input2e1": 0.293, "penalty_input2e1": 1, "gmax_efe0": 33.0, "norm_scale_S_efe0": 0.097, "max_delay_efe0": 80.0, "penalty_efe0": 1}